index,axis-0,axis-1
0.0,8332.404161391183,17622.26473379256
1.0,13224.08099890497,25121.488315270308
2.0,18904.085921803213,8930.442253912694
